A,B
30518093,30344007
30518093,30344006
30518093,30057263
30518093,29511098
30518093,29364288
30518093,29273399
30518093,29151169
30518093,29112121
30518093,29089398
30518093,28892059
30518093,28882997
30518093,28858313
30518093,28789478
30518093,28780180
30518093,28725696
30518093,28625517
30518093,28579476
30518093,28416701
30518093,28256506
30518093,28235153
30518093,28157108
30518093,28057485
30518093,28009087
30518093,27980341
30518093,27739432
30518093,27721502
30518093,27499201
30518093,27476966
30518093,27346608
30518093,27120160
30518093,26628643
30518093,26618722
30518093,26499757
30518093,26373282
30518093,26240036
30518093,26237226
30518093,26235891
30518093,26220942
30518093,26143746
30518093,26056228
30518093,26046759
30518093,26005811
30518093,25904081
30518093,25775569
30518093,25621111
30518093,25556567
30518093,25383599
30518093,25064009
30518093,24998994
30518093,24906146
30518093,24672756
30518093,24507191
30518093,24315443
30518093,24262191
30518093,24239350
30518093,23472874
30518093,23467164
30518093,23371366
30518093,23237903
30518093,23063362
30518093,23039195
30518093,22764206
30518093,22407749
30518093,22328536
30518093,22314364
30518093,21993621
30518093,21863007
30518093,21700325
30518093,21508222
30518093,21430656
30518093,21362567
30518093,20942898
30518093,20581816
30518093,20547124
30518093,20512649
30518093,19846850
30518093,19297401
30518093,19269371
30518093,19136952
30518093,19098894
30518093,18691744
30518093,18669821
30518093,18520774
30518093,18035408
30518093,17898702
30518093,17653732
30518093,17568013
30518093,16904174
30518093,16899117
30518093,16556709
30518093,14735124
30518093,9770561
30518093,8096623
30519012,29737198
30519012,28954481
30519012,27348819
30519012,26741255
30519012,26582134
30519012,26517212
30519012,26504611
30519012,26316998
30519012,26149283
30519012,25457071
30519012,25143549
30519012,25031483
30519012,24691816
30519012,24671005
30519012,24466187
30519012,23936729
30519012,23647655
30519012,23609352
30519012,22888319
30519012,22877844
30519012,22030976
30519012,21740307
30519012,21412830
30519012,21153725
30519012,21126990
30519012,20832347
30519012,20800915
30519012,20665348
30519012,20388604
30519012,19945285
30519012,19854057
30519012,19026965
30519012,18789756
30519012,18591014
30519012,18380279
30519012,18155331
30519012,18093549
30519012,18044726
30519012,17644337
30519012,17609881
30519012,17595043
30519012,16944355
30519012,16926210
30519012,16901637
30519012,16817196
30519012,16530203
30519012,16487527
30519012,16269212
30519012,16047175
30519012,15869953
30519012,12784268
30519012,12722162
30519012,11500575
30519012,11427288
30519012,9776467
30519012,8793751
30519012,8139608
30519012,6067254
30519012,2138696
30519012,1736324
30519161,30258234
30519161,30206330
30519161,30107806
30519161,29942040
30519161,29778803
30519161,29761156
30519161,29743866
30519161,29719505
30519161,29718367
30519161,29699914
30519161,29649621
30519161,29611482
30519161,29174171
30519161,29132391
30519161,29111328
30519161,28930663
30519161,28807678
30519161,28602351
30519161,28583443
30519161,28203479
30519161,28018360
30519161,27669650
30519161,27467571
30519161,27276511
30519161,27207919
30519161,26971375
30519161,26821015
30519161,26211973
30519161,26152715
30519161,26132721
30519161,26059357
30519161,25639775
30519161,25315906
30519161,25172433
30519161,25108167
30519161,25064009
30519161,24791887
30519161,24424382
30519161,23800361
30519161,23515615
30519161,23086037
30519161,22503440
30519161,22108613
30519161,21628463
30519161,21626550
30519161,21411503
30519161,21378214
30519161,21124315
30519161,20659322
30519161,20347450
30519161,20079433
30519161,20012266
30519161,19442825
30519161,19356970
30519161,19296921
30519161,19286276
30519161,19090996
30519161,18710400
30519161,18599528
30519161,18504291
30519161,18044695
30519161,17950926
30519161,17947670
30519161,17761552
30519161,17720159
30519161,17495632
30519161,17433296
30519161,17251276
30519161,16732273
30519161,16385087
30519161,16240369
30519161,15983226
30519161,15599609
30519161,14502103
30519161,12925360
30519161,12603843
30519161,12191486
30519161,12072366
30519161,12067227
30519161,11717581
30519161,11099416
30519161,10964613
30519161,10839993
30519161,10617608
30519161,9580157
30519161,8988390
30519161,7542643
30519161,3399080
30519161,3056461
30519167,29383446
30519167,28315845
30519167,28108021
30519167,27215393
30519167,27048443
30519167,26798982
30519167,25925985
30519167,25649923
30519167,25476402
30519167,25406711
30519167,25370355
30519167,25037206
30519167,24893708
30519167,24832846
30519167,24578545
30519167,24465678
30519167,24434037
30519167,24038587
30519167,23833269
30519167,23565936
30519167,23490464
30519167,23378222
30519167,23296128
30519167,23123689
30519167,22986077
30519167,22766031
30519167,22713671
30519167,22526761
30519167,22134476
30519167,21983019
30519167,21725242
30519167,21596771
30519167,21543619
30519167,21486295
30519167,21389298
30519167,21284039
30519167,21247790
30519167,21069833
30519167,20976739
30519167,20671181
30519167,20589879
30519167,20152119
30519167,20138482
30519167,20123548
30519167,19404616
30519167,19346328
30519167,18384246
30519167,17897403
30519167,17850833
30519167,17121746
30519167,16543934
30519167,15716523
30519167,15528409
30519167,12880848
30519167,12498954
30519167,11771995
30519167,9344826
30519167,8778124
30519167,8401595
30519167,6067254
30519167,3450848
30519167,1564476
30519167,1202204
30519167,444788
30519184,28592453
30519184,27147117
30519184,26705763
30519184,26270627
30519184,26260856
30519184,25059393
30519184,23681401
30519184,23038420
30519184,22500014
30519184,21572439
30519184,21514250
30519184,20525771
30519184,20145400
30519184,19173762
30519184,18848632
30519184,18024777
30519184,17972045
30519184,17761438
30519184,17542011
30519184,17287240
30519184,16772356
30519184,16594774
30519184,16407544
30519184,16237129
30519184,15907304
30519184,15558781
30519184,15324362
30519184,14966152
30519184,14749292
30519184,14743362
30519184,14568499
30519184,12473758
30519184,11970796
30519184,11405813
30519184,11113036
30519184,10762503
30519184,10720273
30519184,9055266
30519184,2183676
30519212,28164377
30519212,27753157
30519212,26011773
30519212,25842260
30519212,25086832
30519212,24050735
30519212,23801735
30519212,23208668
30519212,22314706
30519212,22166423
30519212,21894061
30519212,21692113
30519212,21574186
30519212,20959310
30519212,20187699
30519212,19288469
30519212,18538636
30519212,18073522
30519212,17443691
30519212,17250719
30519212,16810722
30519212,16810719
30519212,16781988
30519212,15329356
30519212,15305076
30519212,11948773
30519212,11835450
30519212,10976644
30519212,7936236
30522497,30056141
30522497,29053684
30522497,28937310
30522497,28725706
30522497,28225155
30522497,27866120
30522497,27608611
30522497,27372845
30522497,27089545
30522497,26880536
30522497,26780383
30522497,26652115
30522497,26645499
30522497,26645310
30522497,25983531
30522497,25852494
30522497,25686212
30522497,25179996
30522497,24826498
30522497,24789677
30522497,24123307
30522497,21180627
30522497,19185021
30522497,18394576
30522497,18217883
30522497,17443116
30522497,16817194
30522497,12777365
30522497,3397865
30524223,30102759
30524223,29657115
30524223,29325715
30524223,29218419
30524223,29138106
30524223,29107703
30524223,28701075
30524223,28620314
30524223,28588546
30524223,28389870
30524223,28261108
30524223,27909990
30524223,27814668
30524223,27796054
30524223,27665420
30524223,27336845
30524223,27301294
30524223,27245919
30524223,26944151
30524223,25866368
30524223,25852518
30524223,25511388
30524223,25328140
30524223,25038418
30524223,24389262
30524223,24321199
30524223,24135219
30524223,24102345
30524223,24089383
30524223,24068427
30524223,24041616
30524223,23516292
30524223,23396085
30524223,23299718
30524223,23117790
30524223,22203796
30524223,21935673
30524223,21739363
30524223,21338887
30524223,21236244
30524223,21205893
30524223,21192928
30524223,20882064
30524223,20728473
30524223,19921532
30524223,19847468
30524223,19654017
30524223,19633949
30524223,19026718
30524223,18160631
30524223,18077696
30524223,17996959
30524223,17977608
30524223,17898005
30524223,17619858
30524223,17491094
30524223,17470494
30524223,17115071
30524223,17005202
30524223,16870307
30524223,16809007
30524223,16402079
30524223,15979595
30524223,15698637
30524223,15203246
30524223,15132732
30524223,15090035
30524223,14656716
30524223,12939433
30524223,12796537
30524223,12469866
30524223,12217429
30524223,11830288
30524223,11830281
30524223,11830273
30524223,11810033
30524223,11370008
30524223,11328454
30524223,11274794
30524223,11250867
30524223,11031089
30524223,10915829
30524223,10718305
30524223,10698122
30524223,9822755
30524223,9491897
30524223,9130677
30524223,8559303
30524223,6471907
30524223,4714294
30524223,3185926
30524223,2881444
30524223,239718
30524265,30190461
30524265,30093536
30524265,30065316
30524265,29969391
30524265,29913007
30524265,29783988
30524265,29497361
30524265,29492779
30524265,29242346
30524265,28923922
30524265,28877262
30524265,28860381
30524265,28751258
30524265,28725967
30524265,28649610
30524265,28576704
30524265,28552073
30524265,28450268
30524265,28439627
30524265,28295625
30524265,28170377
30524265,28122627
30524265,28086931
30524265,28049533
30524265,28012041
30524265,27928028
30524265,27918765
30524265,27886407
30524265,27865851
30524265,27733604
30524265,27708076
30524265,27628239
30524265,27622765
30524265,27541985
30524265,27503075
30524265,27192565
30524265,27107797
30524265,27075649
30524265,27030592
30524265,27018801
30524265,26989132
30524265,26915902
30524265,26858591
30524265,26808901
30524265,26808899
30524265,26799377
30524265,26782965
30524265,26769968
30524265,26761717
30524265,26704735
30524265,26647156
30524265,26576561
30524265,26436904
30524265,26352473
30524265,26347034
30524265,26324905
30524265,26323479
30524265,26286986
30524265,26260853
30524265,26221742
30524265,26181201
30524265,26093169
30524265,26076669
30524265,26075822
30524265,26061766
30524265,26050140
30524265,25983062
30524265,25855634
30524265,25853980
30524265,25825709
30524265,25816357
30524265,25659148
30524265,25658425
30524265,25451814
30524265,25425650
30524265,25392495
30524265,25363075
30524265,25296989
30524265,25112864
30524265,25095794
30524265,25051958
30524265,25009275
30524265,25008355
30524265,24997849
30524265,24942732
30524265,24931606
30524265,24878508
30524265,24851801
30524265,24768993
30524265,24746855
30524265,24736453
30524265,24728187
30524265,24662516
30524265,24659240
30524265,24603074
30524265,24574503
30524265,24525765
30524265,24468877
30524265,24399444
30524265,24337465
30524265,24334770
30524265,24243558
30524265,24236103
30524265,24108358
30524265,23983262
30524265,23925565
30524265,23916651
30524265,23874151
30524265,23859557
30524265,23792198
30524265,23790379
30524265,23765500
30524265,23757764
30524265,23744071
30524265,23739956
30524265,23703938
30524265,23666528
30524265,23637226
30524265,23610405
30524265,23604588
30524265,23512373
30524265,23506036
30524265,23466394
30524265,23463005
30524265,23431141
30524265,23384597
30524265,23363402
30524265,23205266
30524265,23199590
30524265,23186369
30524265,23173708
30524265,23161999
30524265,23154633
30524265,23109146
30524265,23108585
30524265,23070648
30524265,23015436
30524265,22941029
30524265,22920859
30524265,22915117
30524265,22914327
30524265,22880029
30524265,22632969
30524265,22373667
30524265,22301995
30524265,22251432
30524265,22233220
30524265,22186024
30524265,22098189
30524265,22009045
30524265,21982369
30524265,21915101
30524265,21841800
30524265,21813214
30524265,21772323
30524265,21747756
30524265,21562258
30524265,21559417
30524265,21554732
30524265,21399908
30524265,21375481
30524265,21343881
30524265,21325059
30524265,21303699
30524265,21252228
30524265,21245577
30524265,21245015
30524265,21242314
30524265,21068151
30524265,20977765
30524265,20711464
30524265,20711177
30524265,20701279
30524265,20551914
30524265,20511551
30524265,20445061
30524265,20433710
30524265,20385841
30524265,20200163
30524265,20118279
30524265,20089925
30524265,20071342
30524265,19864570
30524265,19858467
30524265,19640926
30524265,19526281
30524265,19457162
30524265,19182805
30524265,19104149
30524265,18976489
30524265,18704197
30524265,18391963
30524265,18391962
30524265,18391961
30524265,18226468
30524265,18189141
30524265,18167537
30524265,17914185
30524265,17376993
30524265,17204153
30524265,16964263
30524265,16959795
30524265,16896109
30524265,16219675
30524265,16182554
30524265,15935098
30524265,15834418
30524265,15451224
30524265,15333840
30524265,12498954
30524265,12411925
30524265,12377775
30524265,11286556
30524265,9726379
30524265,9600990
30524265,1502878
30524270,28332488
30524270,27744249
30524270,27694060
30524270,27632061
30524270,27264400
30524270,26979893
30524270,26970886
30524270,26929929
30524270,26615477
30524270,26233581
30524270,25894561
30524270,25670653
30524270,25557656
30524270,25458148
30524270,25455700
30524270,25455699
30524270,25311450
30524270,25242294
30524270,25138223
30524270,25095816
30524270,24835473
30524270,24790168
30524270,24609821
30524270,24465708
30524270,24305993
30524270,23978691
30524270,23603517
30524270,23516062
30524270,23370318
30524270,23141636
30524270,22776685
30524270,22749389
30524270,22748312
30524270,22541943
30524270,22377431
30524270,22326059
30524270,22240093
30524270,22080998
30524270,22041097
30524270,21880615
30524270,21715166
30524270,21530728
30524270,21382449
30524270,21345241
30524270,21211977
30524270,21094944
30524270,21075935
30524270,20923910
30524270,20737542
30524270,20655606
30524270,20605097
30524270,20574039
30524270,20354902
30524270,20346453
30524270,20185314
30524270,20129786
30524270,19713694
30524270,19621072
30524270,19566273
30524270,19502060
30524270,19446294
30524270,19221191
30524270,19218229
30524270,19135478
30524270,19014631
30524270,18973258
30524270,18668626
30524270,18412621
30524270,18163154
30524270,17895436
30524270,17826461
30524270,17686633
30524270,17655480
30524270,17618701
30524270,17503027
30524270,17004944
30524270,16982195
30524270,16926210
30524270,16713924
30524270,16621565
30524270,16518128
30524270,16491406
30524270,16432700
30524270,16389084
30524270,16125264
30524270,16053531
30524270,16042812
30524270,16033650
30524270,15929090
30524270,15639397
30524270,15531176
30524270,15519333
30524270,15300651
30524270,15211023
30524270,14766505
30524270,14654205
30524270,12882986
30524270,12730255
30524270,12611998
30524270,12610686
30524270,12297254
30524270,12091559
30524270,11748737
30524270,11494184
30524270,11277298
30524270,10940402
30524270,10821982
30524270,9613733
30524270,9084350
30524270,9075002
30524270,9063277
30524270,8727526
30524270,8514809
30524270,8366265
30524270,8172506
30524270,7713836
30524270,2230833
30524354,29807534
30524354,28649603
30524354,28636593
30524354,27488222
30524354,26999434
30524354,26084020
30524354,25478795
30524354,24702516
30524354,24236103
30524354,23506036
30524354,23383169
30524354,22523201
30524354,22361232
30524354,22315722
30524354,21317042
30524354,21048992
30524354,19664708
30524354,18678243
30524354,18599350
30524354,18157654
30524354,18018486
30524354,17339843
30524354,17166628
30524354,16507759
30524354,15791003
30524354,10705937
30524354,10349502
30524354,9278044
30524354,9197268
30524579,26336525
30524579,20552060
30524579,19879594
30524579,19804548
30524579,19028709
30524579,18256123
30524579,17292982
30524579,15753115
30524579,15679994
30524579,15152059
30524706,30057745
30524706,29540464
30524706,29470458
30524706,29376473
30524706,29196188
30524706,29155813
30524706,29154141
30524706,29145629
30524706,29132871
30524706,29100067
30524706,29063562
30524706,29033893
30524706,28974639
30524706,28812536
30524706,28664100
30524706,28439461
30524706,28382000
30524706,28343168
30524706,28334866
30524706,28170441
30524706,28118852
30524706,28070747
30524706,28069311
30524706,27984541
30524706,27899610
30524706,27871848
30524706,27694961
30524706,27679561
30524706,27455348
30524706,27328812
30524706,26876718
30524706,26661513
30524706,26476454
30524706,26067594
30524706,25887539
30524706,25883770
30524706,25877637
30524706,25833344
30524706,25753093
30524706,25677125
30524706,25348409
30524706,25316019
30524706,25260700
30524706,25047909
30524706,24316577
30524706,24279194
30524706,24194598
30524706,23975817
30524706,23740936
30524706,23618408
30524706,23512712
30524706,23497106
30524706,23386971
30524706,23180794
30524706,23161678
30524706,22955990
30524706,22539670
30524706,22493728
30524706,22419278
30524706,22383036
30524706,22287627
30524706,22114774
30524706,21979788
30524706,21913094
30524706,21728978
30524706,21702733
30524706,21576262
30524706,21484822
30524706,21037262
30524706,20848190
30524706,20196867
30524706,19910308
30524706,19900953
30524706,19762894
30524706,19505943
30524706,19222867
30524706,19041780
30524706,18789909
30524706,18684739
30524706,18608099
30524706,18469827
30524706,17910947
30524706,17599430
30524706,17098774
30524706,16751280
30524706,16381825
30524706,15863030
30524706,15670639
30524706,14699966
30524706,12031278
30524706,11846609
30524706,10486171
30524706,10221902
30524706,10193591
30524706,9849796
30524706,9828084
30524706,9121555
30524706,7612265
30524706,3346711
30524706,2089137
30524706,1467557
30524706,56680
30344007,26235891
30344007,16904174
30344006,28057485
30344006,25904081
30344006,23039195
30344006,21508222
30344006,18035408
30344006,9197268
30057263,27721502
30057263,26220942
30057263,25556567
29511098,23063362
29151169,25064009
29151169,19846850
29151169,16964263
29151169,12498954
29151169,9278044
29151169,9197268
29112121,18035408
29112121,16904174
29089398,27346608
29089398,19136952
28892059,25064009
28892059,24316577
28892059,19846850
28882997,28170377
28882997,25904081
28882997,24315443
28882997,22764206
28882997,21700325
28882997,20547124
28789478,28009087
28789478,23371366
28789478,20942898
28789478,20512649
28789478,19136952
28789478,18520774
28789478,17653732
28780180,28592453
28780180,22920859
28725696,26237226
28725696,26235891
28725696,26005811
28725696,22764206
28725696,21430656
28725696,21362567
28725696,20071342
28725696,18035408
28725696,16904174
28725696,12498954
28725696,9197268
28625517,24507191
28625517,19136952
28416701,22764206
28416701,22314364
28416701,21863007
28416701,19269371
28416701,18035408
28416701,15451224
28416701,9600990
28416701,9197268
28256506,26220942
28256506,26143746
28256506,19041780
28157108,26499757
28157108,21069833
28157108,1564476
28009087,23371366
28009087,20512649
28009087,18520774
28009087,17653732
27739432,25775569
27739432,24672756
27739432,22328536
27739432,16556709
27721502,26220942
27721502,26143746
27721502,24931606
27721502,21245577
27721502,18035408
27499201,26628643
27476966,26005811
27476966,23618408
26373282,24998994
26373282,16899117
26235891,21245577
26235891,20071342
26220942,23618408
26220942,9600990
26143746,23472874
26143746,23063362
26143746,22764206
26143746,19269371
26046759,24315443
26046759,23472874
26046759,22764206
26046759,21508222
26046759,21362567
26046759,18035408
26046759,16904174
26005811,16904174
25775569,24672756
25621111,18035408
25621111,16904174
25556567,23063362
25556567,18035408
25064009,20711177
24998994,16899117
24998994,16237129
24672756,22328536
24672756,16556709
24507191,18669821
24315443,22764206
24315443,21508222
24315443,21362567
24239350,18035408
23371366,20512649
23371366,18520774
23063362,21362567
23063362,19269371
23063362,19098894
23063362,18669821
23063362,18035408
23039195,22314364
23039195,21863007
23039195,21508222
23039195,21362567
23039195,19269371
23039195,18691744
23039195,18035408
23039195,16543934
22764206,21508222
22764206,20089925
22407749,21362567
22407749,20547124
22407749,19297401
22407749,19269371
22407749,19098894
22407749,18691744
22407749,18669821
22407749,18035408
22407749,16904174
22314364,20547124
22314364,18035408
21993621,18035408
21863007,21362567
21863007,21303699
21863007,20547124
21863007,19269371
21863007,19098894
21863007,18691744
21863007,18669821
21863007,16904174
21863007,9278044
21863007,9197268
21700325,21508222
21700325,19846850
21508222,19269371
21508222,19098894
21508222,18691744
21508222,18669821
21508222,18035408
21362567,19269371
21362567,18691744
21362567,18035408
21362567,15451224
21362567,9600990
21362567,9197268
20942898,18520774
20942898,17653732
20581816,19269371
20581816,19098894
20581816,18691744
20581816,18669821
20581816,18391963
20581816,16904174
20547124,18391963
20547124,18391962
20547124,18391961
20547124,16964263
20547124,15834418
20547124,15333840
20512649,18520774
20512649,17653732
20512649,16237129
19269371,19098894
19269371,18691744
19269371,18669821
19269371,18035408
19269371,16904174
19269371,16713924
19098894,18691744
19098894,18669821
19098894,18035408
19098894,14735124
18691744,18035408
18520774,17653732
18520774,16237129
26504611,20574039
26504611,18668626
26504611,16817196
26504611,15869953
26504611,12784268
26504611,12722162
26504611,1564476
26316998,15300651
26316998,12722162
26316998,11748737
24466187,18789756
24466187,1564476
23936729,21715166
23936729,20574039
23936729,15300651
22888319,21126990
22888319,18789756
22888319,18380279
22888319,17609881
22888319,16926210
19945285,17004944
18155331,16901637
18155331,16817196
18155331,15869953
18155331,8793751
18155331,1736324
30107806,29111328
30107806,20079433
29778803,15528409
29743866,29111328
29719505,28923922
29719505,28882997
29719505,28860381
29719505,28858313
29719505,28636593
29719505,27708076
29719505,27541985
29719505,26618722
29719505,26352473
29719505,26075822
29719505,25112864
29719505,24942732
29719505,24736453
29719505,21325059
29719505,19846850
29719505,18976489
29719505,15333840
29719505,9278044
29719505,9197268
29649621,28882997
29649621,28725967
29649621,20071342
29649621,19296921
29132391,25983062
29132391,25825709
29132391,23739956
29132391,23463005
29132391,23383169
29132391,23108585
29132391,22108613
29132391,22098189
29132391,20711177
29132391,16896109
29132391,16182554
29132391,15451224
29132391,9278044
29132391,9197268
28930663,28602351
28930663,22383036
28203479,10839993
28203479,10617608
28018360,26152715
28018360,23086037
27669650,21124315
27669650,12191486
27467571,25108167
27467571,19356970
27467571,18599528
27467571,17251276
27207919,25108167
27207919,21124315
26821015,23383169
26821015,22914327
26821015,21192928
26821015,19296921
26821015,19104149
26821015,18044695
26821015,17376993
26821015,16732273
26821015,12498954
26821015,12191486
26821015,9278044
26152715,23086037
26152715,10839993
26152715,10617608
26132721,21124315
25639775,25392495
25639775,25112864
25639775,25064009
25639775,24662516
25639775,23765500
25639775,23610405
25639775,23515615
25639775,23161999
25639775,22920859
25639775,21841800
25639775,21700325
25639775,21559417
25639775,21325059
25639775,21245577
25639775,19846850
25639775,19640926
25639775,19269371
25639775,19136952
25639775,18391963
25639775,18391962
25639775,16964263
25639775,9278044
25315906,16385087
23086037,21124315
22503440,21245015
22503440,18599350
22503440,15791003
21628463,12191486
21628463,11846609
21411503,20347450
21411503,19356970
21411503,18599528
21411503,17761552
21411503,17251276
21378214,20347450
21378214,19356970
21378214,18599528
21378214,17761552
21378214,17251276
19090996,15791003
18710400,12067227
18710400,10964613
18710400,9580157
18710400,3399080
18599528,17761552
18599528,17251276
18504291,16240369
17761552,17251276
17720159,17433296
17720159,17339843
17720159,17204153
17720159,17166628
17720159,16543934
17720159,16182554
17720159,15791003
17720159,15599609
17720159,12925360
17720159,12777365
17720159,12067227
17720159,10964613
17720159,10705937
17720159,10349502
17720159,9580157
17720159,9197268
17720159,3399080
10839993,10617608
29383446,28315845
29383446,28108021
29383446,27215393
29383446,27048443
29383446,26798982
29383446,25925985
29383446,25649923
29383446,25370355
29383446,25037206
29383446,24893708
29383446,24832846
29383446,24578545
29383446,23833269
29383446,23378222
29383446,23296128
29383446,22766031
29383446,22713671
29383446,22134476
29383446,21983019
29383446,21725242
29383446,21596771
29383446,21389298
29383446,21247790
29383446,20976739
29383446,20589879
29383446,19404616
29383446,19346328
29383446,18384246
29383446,17897403
29383446,17121746
29383446,15528409
29383446,12498954
25476402,24832846
25476402,24578545
25476402,24465678
25476402,24038587
25476402,23565936
25476402,23490464
25476402,23296128
25476402,22766031
25476402,22713671
25476402,21596771
25476402,21284039
25476402,20671181
25476402,20589879
25476402,19404616
25476402,19346328
25476402,17897403
24893708,19404616
24893708,16518128
24578545,24465678
24578545,22713671
24578545,22134476
24578545,21725242
24578545,21486295
24578545,21284039
24578545,21069833
24578545,19404616
24578545,17897403
24465678,22713671
24465678,21725242
24465678,21486295
24465678,21247790
24465678,20152119
24465678,20123548
24465678,19404616
24465678,14749292
24465678,6067254
24465678,1202204
24038587,22766031
24038587,21725242
24038587,19346328
24038587,12880848
24038587,11771995
23565936,21596771
23565936,21284039
23565936,21247790
23565936,20589879
23565936,20152119
23565936,19346328
23565936,15528409
23296128,20152119
23296128,6067254
22766031,21725242
22766031,21596771
22766031,21069833
22766031,20671181
22766031,20152119
22766031,19346328
22766031,8778124
22713671,9278044
22713671,6067254
22713671,1564476
22713671,1202204
22134476,19404616
22134476,17897403
21725242,21596771
21725242,21284039
21725242,20976739
21725242,20589879
21725242,20152119
21725242,19346328
21725242,15528409
21725242,8401595
21596771,20589879
21596771,20152119
21596771,19346328
21486295,17850833
20589879,20152119
20589879,19346328
20589879,18384246
20152119,19346328
20152119,15528409
15716523,6067254
15716523,1564476
15716523,1202204
1564476,6067254
28592453,16237129
28592453,14966152
26705763,23038420
26705763,21514250
26705763,20145400
26705763,17761438
26705763,17542011
26705763,16594774
26705763,16237129
26705763,15907304
26705763,14743362
26705763,12473758
26705763,11970796
26705763,2183676
26270627,26270627
26270627,25095794
26270627,18024777
26270627,17761438
26270627,17542011
26270627,17287240
26270627,16237129
26270627,10762503
26260856,21514250
23038420,15716523
23038420,1202204
22500014,16237129
22500014,1202204
21514250,16237129
17287240,16237129
17287240,14743362
17287240,12473758
17287240,11405813
17287240,1564476
17287240,1202204
16772356,12473758
16772356,11405813
16772356,10762503
16772356,10720273
16772356,1202204
14966152,12473758
14966152,11405813
14966152,10720273
14966152,1202204
27753157,19288469
27753157,18538636
27753157,16781988
19288469,16810719
19288469,1564476
29053684,28225155
29053684,27372845
29053684,27089545
29053684,26880536
29053684,26780383
29053684,16817194
29053684,8139608
29053684,3397865
28937310,28225155
28937310,26780383
28937310,25983531
28937310,25852494
28937310,25179996
28725706,23801735
28725706,19288469
28725706,18538636
28725706,16781988
28225155,27372845
28225155,27089545
28225155,26780383
28225155,26645310
28225155,25852494
28225155,25179996
27372845,26780383
27372845,26652115
27372845,25983531
27372845,25852494
27372845,25179996
27372845,16817194
26780383,25852494
25983531,16817194
25686212,19621072
25686212,16713924
21180627,19288469
21180627,18538636
21180627,16781988
21180627,10976644
18394576,16817194
29657115,16810722
29107703,28620314
29107703,27796054
29107703,24321199
29107703,23516292
29107703,18160631
29107703,17491094
29107703,17470494
29107703,12217429
29107703,11846609
29107703,9822755
29107703,9491897
28620314,28261108
28620314,27665420
28620314,24321199
28620314,23516292
28620314,15203246
28620314,9822755
28620314,9491897
28588546,27665420
28588546,24321199
28588546,21514250
28588546,15203246
28588546,9491897
28389870,27796054
28389870,27336845
28389870,23299718
28389870,21935673
28389870,21338887
28389870,19921532
28389870,17491094
28389870,17470494
28389870,16809007
28389870,11830281
28389870,11370008
28389870,9491897
28261108,27665420
28261108,24321199
28261108,23516292
28261108,20728473
28261108,19026718
28261108,17977608
28261108,15203246
28261108,11370008
28261108,9491897
25852518,23396085
25852518,21192928
25852518,19847468
25852518,15716523
25852518,11031089
25852518,1564476
24102345,21338887
24102345,18160631
24102345,17977608
24102345,15979595
24102345,15132732
24102345,15090035
24102345,14656716
24102345,12217429
24102345,11830273
24102345,11370008
24102345,11328454
24102345,11250867
24102345,10915829
24102345,9822755
24102345,9491897
24089383,16809007
24089383,11846609
24089383,11830273
24089383,9822755
24089383,9491897
23516292,18160631
23516292,12217429
23516292,9822755
23516292,9491897
23299718,21338887
23299718,19921532
23299718,15979595
23299718,15132732
23299718,15090035
23299718,11830288
23299718,11830281
23299718,11370008
23299718,11274794
23299718,10915829
23299718,10698122
23299718,9822755
23299718,9491897
22203796,4714294
21739363,20882064
21739363,19633949
21739363,17470494
21739363,9491897
21192928,11031089
21192928,9197268
21192928,8559303
20882064,17491094
20882064,17470494
20882064,12939433
19633949,19026718
19633949,10698122
19633949,9491897
17115071,9491897
11250867,9822755
11250867,9491897
30190461,29969391
30190461,27018801
30190461,26352473
30190461,26324905
30190461,26061766
30190461,24108358
30190461,9726379
30190461,9600990
30093536,28576704
30093536,27918765
30093536,27708076
30093536,26647156
30093536,26093169
30093536,25095794
30093536,23161999
30093536,22920859
30093536,21982369
30093536,21303699
30093536,21245577
30093536,18391962
30065316,29969391
30065316,27018801
30065316,26808899
30065316,26352473
30065316,26061766
30065316,24728187
30065316,15451224
30065316,9278044
30065316,9197268
29969391,27018801
29969391,26352473
29969391,26061766
29969391,24108358
29969391,21325059
29969391,12377775
29969391,9600990
29969391,9278044
29969391,9197268
29783988,28649610
29783988,22315722
29783988,20118279
29783988,19296921
29783988,19104149
29783988,18167537
29783988,16713924
29783988,16182554
29497361,27733604
29497361,26858591
29497361,26075822
29497361,24736453
29497361,24728187
29497361,23506036
29497361,21982369
29497361,20711464
29497361,20551914
29497361,20511551
29497361,18976489
29497361,16219675
29497361,16182554
29497361,15935098
29497361,9278044
29497361,9197268
29497361,3399080
28923922,21325059
28923922,11031089
28923922,9600990
28923922,9197268
28877262,28332488
28877262,22301995
28877262,15333840
28877262,9278044
28877262,9197268
28860381,26076669
28860381,20445061
28860381,17376993
28751258,27488222
28751258,26324905
28751258,26286986
28751258,26093169
28751258,26075822
28751258,26061766
28751258,24262191
28751258,24108358
28751258,23466394
28751258,23161999
28751258,21982369
28751258,21841800
28751258,18391963
28751258,18391962
28751258,15716523
28751258,12498954
28751258,9197268
28649610,22315722
28649610,20118279
28649610,19104149
28649610,18167537
28576704,27503075
28576704,26093169
28576704,26061766
28576704,25095794
28576704,24659240
28576704,23466394
28576704,23161999
28576704,23108585
28576704,21982369
28576704,9726379
28576704,9278044
28552073,27503075
28552073,26324905
28552073,26061766
28552073,25095794
28552073,24659240
28552073,24468877
28552073,23466394
28552073,23463005
28552073,23161999
28552073,20071342
28295625,28295625
28295625,24574503
28295625,19846850
28122627,26761717
28122627,25108167
28122627,24746855
28122627,24574503
28122627,23983262
28122627,23757764
28122627,23666528
28122627,23610405
28122627,22941029
28122627,22186024
28122627,21772323
28122627,21700325
28122627,21252228
28122627,20089925
28122627,19864570
28122627,19846850
28122627,15333840
28122627,9600990
28086931,26647156
28086931,26436904
28086931,23874151
28086931,22920859
28086931,21242314
28049533,25095794
28049533,24931606
28049533,24659240
28049533,23466394
28049533,23463005
28049533,23161999
28049533,23108585
28049533,21982369
28049533,20071342
28049533,17376993
28049533,15791003
28012041,25853980
28012041,25296989
28012041,23703938
28012041,23205266
28012041,23109146
28012041,22920859
28012041,9278044
27886407,27048443
27886407,27030592
27886407,25009275
27886407,24931606
27886407,23015436
27886407,21559417
27886407,21317042
27886407,18391963
27886407,18391962
27886407,18044695
27886407,12498954
27886407,9278044
27733604,26989132
27733604,24942732
27733604,22632969
27733604,9600990
27708076,27192565
27708076,26989132
27708076,26347034
27708076,26323479
27708076,23463005
27708076,23161999
27708076,21982369
27708076,18391963
27708076,18391962
27708076,12498954
27628239,23765500
27628239,23744071
27628239,21841800
27628239,21325059
27628239,11286556
27622765,26576561
27622765,23506036
27622765,21554732
27622765,21325059
27622765,21048992
27622765,20511551
27622765,17720159
27622765,17166628
27622765,15791003
27622765,9197268
27541985,23757764
27541985,20200163
27541985,15333840
27503075,26347034
27503075,26093169
27503075,26061766
27503075,25853980
27503075,24243558
27503075,23925565
27503075,23466394
27503075,23161999
27503075,21813214
27503075,12498954
27107797,26576561
27107797,24736453
27107797,23506036
27107797,23108585
27107797,21245015
27107797,20711177
27107797,20547124
27107797,18710400
27107797,18504291
27107797,17433296
27107797,16732273
27107797,16240369
27107797,16182554
27107797,15935098
27107797,11099416
27107797,10964613
27107797,9580157
27107797,3399080
27075649,26323479
27075649,26061766
27075649,25296989
27075649,24468877
27075649,24262191
27075649,24108358
27075649,23925565
27075649,23161999
27075649,23109146
27075649,22632969
27075649,21813214
27075649,21325059
27075649,21245577
27075649,20385841
27075649,16507759
27075649,12498954
27075649,9726379
27018801,26352473
27018801,26061766
27018801,24108358
27018801,23161999
27018801,21982369
27018801,9278044
27018801,9197268
26989132,25855634
26989132,22632969
26989132,21982369
26989132,21325059
26989132,21245577
26915902,22915117
26915902,22880029
26915902,21841800
26915902,21325059
26915902,12498954
26915902,9197268
26858591,24942732
26858591,24702516
26858591,23161999
26858591,20551914
26858591,9278044
26858591,9197268
26799377,21245577
26799377,20385841
26799377,9278044
26782965,24662516
26782965,21317042
26782965,16507759
26782965,9278044
26782965,1564476
26769968,21303699
26761717,26050140
26761717,23757764
26761717,23610405
26761717,22407749
26761717,21700325
26761717,19864570
26761717,19846850
26761717,16964263
26647156,24997849
26647156,24468877
26647156,23874151
26647156,23703938
26647156,23161999
26647156,22920859
26647156,21982369
26647156,21915101
26647156,21813214
26647156,21317042
26647156,21303699
26647156,21242314
26647156,18391963
26647156,16507759
26647156,16237129
26647156,12498954
26647156,9600990
26436904,22920859
26436904,21303699
26352473,25855634
26352473,24108358
26352473,21325059
26352473,9278044
26352473,9197268
26324905,26286986
26324905,26061766
26324905,24659240
26324905,24243558
26324905,23466394
26324905,23161999
26324905,21813214
26324905,18391963
26324905,18391962
26324905,9726379
26324905,9278044
26324905,9197268
26323479,26061766
26323479,25296989
26323479,24108358
26323479,23925565
26323479,23161999
26323479,21982369
26323479,21813214
26323479,21245577
26323479,18391963
26323479,18391962
26286986,26324905
26286986,26061766
26286986,25064009
26286986,24243558
26286986,24108358
26286986,23466394
26286986,23161999
26286986,21813214
26286986,18391963
26286986,18391962
26286986,15451224
26286986,12498954
26286986,9726379
26286986,9278044
26286986,9197268
26181201,24942732
26181201,22632969
26093169,24243558
26093169,23703938
26093169,23466394
26093169,23205266
26093169,23161999
26093169,23109146
26093169,21982369
26093169,21245577
26093169,18391963
26093169,12498954
26093169,9197268
26076669,23765500
26076669,21841800
26076669,9278044
26076669,9197268
26075822,25112864
26075822,20711464
26075822,20551914
26075822,18976489
26075822,15451224
26075822,9600990
26075822,9278044
26075822,9197268
26050140,24931606
26050140,24746855
26050140,24525765
26050140,24243558
26050140,24108358
26050140,23983262
26050140,23757764
26050140,23610405
26050140,23604588
26050140,23463005
26050140,23431141
26050140,23161999
26050140,23015436
26050140,22632969
26050140,22373667
26050140,22233220
26050140,21841800
26050140,21772323
26050140,21562258
26050140,21559417
26050140,21325059
26050140,20711464
26050140,20551914
26050140,20385841
26050140,20089925
26050140,19864570
26050140,19296921
26050140,19104149
26050140,18391963
26050140,18391962
26050140,18391961
26050140,18167537
26050140,15834418
26050140,15451224
26050140,15333840
26050140,12498954
26050140,12411925
26050140,9278044
26050140,9197268
25855634,23790379
25855634,22632969
25853980,24243558
25853980,23925565
25853980,23744071
25853980,23703938
25853980,23466394
25853980,23161999
25853980,23109146
25853980,22920859
25853980,21982369
25853980,21245577
25853980,12498954
25853980,3056461
25825709,24468877
25825709,23739956
25825709,23463005
25825709,21841800
25825709,21700325
25825709,15935098
25825709,15791003
25816357,24942732
25816357,24662516
25816357,23916651
25816357,23790379
25816357,23744071
25816357,23512373
25816357,23463005
25816357,23431141
25816357,23108585
25816357,22941029
25816357,22880029
25816357,22632969
25816357,22251432
25816357,22098189
25816357,22009045
25816357,21982369
25816357,21841800
25816357,21325059
25816357,21245577
25816357,21048992
25816357,20701279
25816357,20445061
25816357,20385841
25816357,17914185
25816357,16896109
25816357,15791003
25816357,15451224
25816357,15333840
25816357,9278044
25816357,9197268
25659148,24662516
25659148,23916651
25659148,23466394
25659148,23161999
25659148,21700325
25659148,15451224
25659148,9197268
25658425,24931606
25658425,24525765
25658425,23739956
25658425,23506036
25658425,23384597
25658425,23363402
25658425,23015436
25658425,22315722
25658425,21559417
25658425,20551914
25658425,19104149
25425650,23792198
25425650,23205266
25425650,22920859
25425650,22632969
25425650,21841800
25425650,21325059
25425650,21303699
25425650,21245577
25425650,18018486
25425650,15451224
25425650,11286556
25425650,9197268
25392495,24603074
25392495,24399444
25392495,24334770
25392495,23161999
25392495,22920859
25392495,22186024
25392495,21700325
25392495,21303699
25392495,19182805
25392495,16964263
25363075,23610405
25363075,23161999
25363075,22920859
25363075,21325059
25363075,21245577
25363075,16507759
25363075,12498954
25363075,9278044
25112864,24243558
25112864,23161999
25112864,20547124
25112864,18976489
25112864,15451224
25112864,12498954
25095794,24243558
25095794,23925565
25095794,23703938
25095794,23466394
25095794,23161999
25095794,23109146
25095794,21982369
25095794,21813214
25095794,15451224
25095794,12498954
25095794,9600990
25095794,9278044
25095794,9197268
25009275,23384597
25009275,23015436
25009275,22920859
25009275,22251432
25009275,21982369
25009275,21559417
25009275,21325059
25009275,20071342
25009275,19864570
25009275,15333840
25008355,24662516
25008355,23925565
25008355,23703938
25008355,23384597
25008355,23015436
25008355,21813214
25008355,21559417
25008355,21325059
25008355,19864570
25008355,18391963
25008355,15333840
24997849,24702516
24997849,22920859
24997849,21317042
24997849,21303699
24997849,21245577
24997849,20711177
24997849,19297401
24997849,16507759
24997849,15791003
24997849,9197268
24942732,23161999
24942732,22632969
24942732,21841800
24942732,21325059
24942732,21252228
24942732,15451224
24942732,9278044
24931606,23161999
24931606,23015436
24931606,21982369
24931606,21559417
24931606,18391963
24931606,18391962
24931606,12498954
24736453,19104149
24736453,9197268
24736453,3399080
24728187,23983262
24728187,19182805
24728187,16959795
24728187,15451224
24728187,11286556
24728187,9197268
24662516,23431141
24662516,22915117
24662516,22251432
24662516,21559417
24662516,21325059
24662516,9278044
24662516,9197268
24659240,24243558
24659240,24108358
24659240,23466394
24659240,23463005
24659240,23383169
24659240,23161999
24659240,23108585
24659240,22632969
24659240,21982369
24659240,21813214
24659240,21747756
24659240,21245577
24659240,21245015
24659240,18391963
24659240,18391962
24659240,17166628
24659240,15791003
24659240,9197268
24574503,21700325
24574503,19846850
24525765,23384597
24525765,23015436
24525765,21559417
24525765,21375481
24525765,21325059
24525765,20071342
24525765,19864570
24525765,16732273
24399444,22186024
24399444,19182805
24399444,16964263
24337465,23666528
24334770,22186024
24334770,21700325
24334770,19182805
24334770,16964263
24236103,23161999
24236103,22632969
24236103,21747756
24236103,21317042
24236103,21048992
24236103,18678243
24236103,18157654
24236103,16507759
24236103,15935098
24236103,15791003
24236103,9600990
24108358,23161999
24108358,23109146
24108358,21813214
24108358,21325059
24108358,21245577
24108358,18391963
24108358,18391962
24108358,12498954
24108358,9600990
23983262,21982369
23983262,19182805
23983262,15834418
23983262,12377775
23983262,9770561
23983262,9600990
23925565,23703938
23925565,23466394
23925565,23161999
23925565,23109146
23925565,23015436
23925565,21982369
23925565,21325059
23925565,21245577
23925565,15791003
23925565,12498954
23925565,9278044
23874151,21242314
23859557,22373667
23790379,16713924
23765500,21841800
23744071,21325059
23744071,9278044
23744071,9197268
23739956,23186369
23739956,20977765
23739956,20711177
23739956,20118279
23739956,19296921
23739956,19104149
23739956,18678243
23739956,18504291
23739956,17376993
23739956,17339843
23739956,16896109
23739956,16219675
23739956,16182554
23739956,9197268
23739956,3399080
23703938,23205266
23703938,23161999
23703938,23109146
23703938,21245577
23703938,12498954
23703938,9278044
23703938,3056461
23666528,22920859
23666528,20711464
23666528,19864570
23666528,18167537
23666528,9726379
23666528,9600990
23666528,9278044
23637226,9278044
23610405,21772323
23610405,21700325
23610405,21325059
23610405,20200163
23610405,20089925
23610405,19864570
23610405,16964263
23610405,15333840
23604588,23205266
23604588,22880029
23512373,21841800
23512373,21252228
23512373,9600990
23512373,9197268
23506036,21747756
23506036,21559417
23506036,21554732
23506036,21343881
23506036,21245015
23506036,21048992
23506036,20711177
23506036,20511551
23506036,20118279
23506036,19526281
23506036,19457162
23506036,19104149
23506036,18167537
23506036,17950926
23506036,17376993
23506036,17204153
23506036,17166628
23506036,16219675
23506036,16182554
23506036,15935098
23506036,15791003
23506036,12498954
23506036,12067227
23506036,10964613
23506036,9580157
23506036,9278044
23506036,9197268
23506036,3399080
23466394,23161999
23466394,21982369
23466394,21813214
23466394,18391963
23466394,18391962
23466394,15451224
23466394,9600990
23466394,9278044
23466394,9197268
23463005,23015436
23463005,20071342
23463005,19296921
23463005,15791003
23431141,15451224
23431141,11286556
23431141,9278044
23431141,9197268
23384597,23161999
23384597,23015436
23384597,22920859
23384597,21813214
23384597,21700325
23384597,21559417
23384597,21375481
23384597,21325059
23384597,21245577
23384597,20118279
23384597,20071342
23384597,18391963
23384597,16964263
23384597,14749292
23384597,10720273
23384597,9278044
23205266,22920859
23205266,22880029
23205266,21303699
23205266,18391963
23205266,18391962
23205266,9278044
23199590,21069833
23199590,6067254
23186369,21048992
23186369,20977765
23186369,20711177
23186369,20511551
23186369,19296921
23186369,19104149
23186369,15791003
23186369,9278044
23186369,9197268
23186369,3399080
23173708,15791003
23161999,21982369
23161999,21245577
23161999,20547124
23161999,18391962
23161999,12498954
23161999,9278044
23154633,21982369
23154633,21813214
23154633,21559417
23154633,21317042
23154633,21245577
23154633,20511551
23154633,19457162
23154633,18391963
23154633,18391962
23154633,15791003
23154633,12498954
23109146,21813214
23109146,21245577
23109146,18391963
23109146,18391962
23109146,12498954
23108585,21554732
23108585,21048992
23108585,20511551
23108585,20071342
23108585,17166628
23108585,16182554
23108585,15791003
23015436,21559417
23015436,21245577
23015436,20071342
23015436,19864570
23015436,18391963
23015436,18391962
23015436,18157654
23015436,16507759
22920859,21303699
22920859,18226468
22920859,16507759
22920859,15791003
22920859,15451224
22920859,12498954
22920859,9197268
22632969,21325059
22632969,15333840
22632969,9600990
22373667,18189141
22373667,9278044
22251432,21325059
22251432,9278044
22251432,9197268
22233220,9278044
22233220,9197268
22186024,19182805
22186024,16964263
22186024,15333840
21982369,21245577
21982369,18391963
21982369,18391962
21982369,12498954
21982369,9726379
21915101,21242314
21841800,9278044
21747756,20711177
21747756,20511551
21747756,19526281
21747756,15791003
21747756,9278044
21747756,9197268
21562258,15834418
21559417,19864570
21559417,18157654
21559417,15333840
21554732,20511551
21554732,19526281
21554732,19457162
21554732,18044695
21554732,17204153
21554732,17166628
21554732,15791003
21554732,9197268
21554732,3399080
21399908,12498954
21303699,18391963
21303699,18391962
21303699,12498954
21303699,9278044
21252228,19864570
21252228,15333840
21245577,18391963
21245577,18391962
21245577,16507759
21245577,12498954
21245577,9278044
21245577,9197268
21245015,20711177
21245015,20547124
21245015,19296921
21245015,18599350
21245015,18391963
21245015,18391962
21245015,18391961
21245015,16543934
21245015,15791003
21245015,15451224
21245015,9278044
21245015,9197268
21245015,3399080
21068151,15333840
20977765,19104149
20977765,16219675
20977765,15791003
20977765,9278044
20977765,9197268
20977765,3399080
20711464,20551914
20711464,20200163
20711464,19296921
20711464,18976489
20711464,17720159
20711464,15333840
20711464,12498954
20711464,9600990
20711464,9197268
20711177,20118279
20711177,18044695
20711177,16896109
20711177,16240369
20711177,16219675
20711177,3399080
20701279,9600990
20701279,9278044
20551914,18976489
20433710,18189141
20433710,16507759
20433710,15791003
20433710,9726379
20433710,9600990
20200163,15333840
20118279,18167537
20118279,15791003
20118279,9278044
20071342,18391963
20071342,18391962
20071342,18044695
20071342,17166628
20071342,16507759
20071342,15791003
20071342,9600990
19864570,15333840
19864570,9278044
19864570,9197268
19526281,17166628
19526281,16732273
19526281,15791003
19526281,9278044
19526281,9197268
19182805,16964263
19182805,15451224
19182805,11286556
19182805,9278044
19104149,18167537
19104149,17376993
19104149,17339843
19104149,16240369
18976489,16896109
18976489,15451224
18976489,9278044
18976489,9197268
18704197,15834418
18704197,12498954
18704197,9726379
18704197,9278044
18167537,15935098
18167537,15791003
18167537,15451224
18167537,12377775
18167537,11286556
18167537,9278044
18167537,9197268
18167537,3399080
17204153,15791003
15935098,15451224
15935098,12498954
15935098,9278044
15935098,9197268
15935098,3399080
9600990,9278044
9600990,9197268
26929929,16982195
26929929,11277298
26929929,7713836
26233581,16042812
26233581,11494184
26233581,11277298
25894561,20737542
25894561,20574039
25894561,20388604
25894561,19221191
25894561,18973258
25894561,14654205
25458148,21880615
25458148,21094944
25458148,20354902
25458148,19135478
25458148,17655480
25458148,16621565
25458148,16432700
25458148,16389084
25458148,15519333
25458148,11494184
25458148,11277298
25458148,10940402
25458148,9075002
25458148,9063277
24835473,23978691
24835473,12611998
24835473,12091559
24790168,23516062
24790168,20185314
24790168,17686633
24790168,16042812
24790168,11494184
24790168,10940402
24790168,8514809
24609821,21880615
24609821,15519333
24609821,9063277
24465708,20655606
24465708,19566273
24465708,18163154
24465708,17618701
24465708,16982195
24465708,16053531
24465708,16033650
24465708,15639397
24465708,9613733
24465708,8727526
24465708,2230833
23978691,23603517
23978691,23141636
23978691,12091559
23978691,9075002
23978691,1202204
23603517,22377431
23603517,21530728
23603517,12091559
23603517,9075002
23516062,22748312
23516062,22326059
23516062,21880615
23516062,21345241
23516062,21094944
23516062,21075935
23516062,20655606
23516062,20605097
23516062,20354902
23516062,20346453
23516062,20129786
23516062,19502060
23516062,19135478
23516062,17895436
23516062,17686633
23516062,17655480
23516062,17618701
23516062,16982195
23516062,16621565
23516062,16530203
23516062,16432700
23516062,16389084
23516062,16042812
23516062,16033650
23516062,15639397
23516062,15519333
23516062,15300651
23516062,11494184
23516062,11277298
23516062,10940402
23516062,9613733
23516062,9075002
23516062,9063277
23516062,8727526
23516062,8514809
23516062,7713836
22377431,9075002
22326059,21094944
22326059,20605097
22326059,20346453
22326059,20129786
22326059,16491406
22326059,16389084
22326059,15519333
22326059,9075002
22326059,9063277
22326059,7713836
22080998,16053531
22080998,9613733
22080998,8727526
22080998,6067254
21880615,21094944
21880615,20655606
21880615,19713694
21880615,19502060
21880615,19446294
21880615,19135478
21880615,17686633
21880615,17655480
21880615,16621565
21880615,16491406
21880615,16042812
21880615,12882986
21880615,12730255
21880615,11494184
21880615,11277298
21880615,9084350
21880615,9063277
21880615,8172506
21345241,19446294
21345241,19135478
21345241,17618701
21345241,16982195
21345241,16389084
21345241,15639397
21345241,11277298
21345241,9613733
21345241,8727526
21345241,7713836
21094944,20346453
21094944,19135478
21094944,17686633
21094944,17655480
21094944,16621565
21094944,16389084
21094944,10940402
20923910,18973258
20923910,17895436
20923910,8366265
20605097,19566273
20605097,17618701
20605097,16982195
20605097,16389084
20605097,15639397
20605097,12610686
20605097,8727526
20605097,7713836
20354902,19502060
20354902,19446294
20354902,19135478
20354902,17686633
20354902,17655480
20354902,16621565
20354902,16432700
20354902,16389084
20354902,11277298
20346453,16389084
20346453,10940402
20346453,9063277
19566273,18668626
19566273,18412621
19566273,18163154
19566273,17826461
19566273,17618701
19566273,17503027
19566273,17004944
19566273,16518128
19566273,16053531
19566273,16033650
19566273,15929090
19566273,15639397
19566273,15300651
19566273,12882986
19566273,12730255
19566273,12722162
19566273,12610686
19566273,12498954
19566273,11748737
19566273,11494184
19566273,11427288
19566273,9613733
19566273,9084350
19566273,9063277
19566273,8727526
19566273,8172506
19566273,7713836
19566273,2230833
19502060,17686633
19502060,17655480
19502060,16432700
19502060,16389084
19014631,15531176
19014631,14654205
19014631,12730255
18163154,17004944
18163154,15929090
18163154,15300651
18163154,12610686
18163154,11494184
18163154,9084350
17895436,16042812
17895436,15929090
17895436,11494184
17895436,9084350
17895436,9063277
17686633,16621565
17686633,16389084
17686633,11494184
17686633,11277298
17686633,9075002
17686633,8514809
17618701,17895436
17618701,17004944
17618701,16621565
17618701,16518128
17618701,16053531
17618701,16042812
17618701,16033650
17618701,15929090
17618701,15639397
17618701,15300651
17618701,12297254
17618701,11748737
17618701,11494184
17618701,11277298
17618701,9613733
17618701,9084350
17618701,9063277
17618701,8727526
17618701,8172506
17618701,7713836
17618701,2230833
16621565,16389084
16621565,11277298
16621565,9063277
16053531,15929090
16053531,15300651
16053531,12882986
16053531,11494184
16053531,9613733
16053531,9084350
16053531,9063277
16053531,6067254
16053531,2230833
16053531,1202204
16042812,11494184
16042812,9084350
16042812,9063277
16042812,8727526
16033650,15929090
16033650,15639397
16033650,12882986
16033650,12730255
16033650,12610686
16033650,11494184
16033650,9613733
16033650,9084350
16033650,9063277
16033650,8727526
16033650,7713836
16033650,2230833
29807534,28649610
29807534,28636593
29807534,26999434
29807534,25064009
29807534,22361232
29807534,21245015
29807534,21069833
29807534,19296921
29807534,19104149
29807534,16182554
28649603,25296989
28649603,23205266
28649603,12498954
28649603,12377775
28636593,27708076
28636593,24736453
28636593,23739956
28636593,23161999
28636593,20711177
28636593,19104149
28636593,18167537
28636593,15333840
28636593,9600990
27488222,26061766
27488222,25855634
27488222,25095794
27488222,24659240
27488222,24262191
27488222,24108358
27488222,23466394
27488222,23463005
27488222,23161999
27488222,11286556
26999434,21245015
26999434,21069833
26999434,19104149
26999434,18678243
26999434,16182554
26999434,12498954
26999434,3399080
26999434,1202204
23383169,21747756
23383169,20511551
23383169,19526281
23383169,18391963
23383169,18157654
23383169,16507759
23383169,16182554
23383169,15935098
23383169,15791003
23383169,12498954
23383169,12191486
23383169,11846609
23383169,9600990
23383169,9197268
23383169,3399080
22523201,20711177
22523201,19296921
22523201,16240369
22523201,3399080
22315722,21343881
22315722,20711177
22315722,20118279
22315722,19104149
22315722,18678243
22315722,18167537
22315722,18157654
22315722,18044695
22315722,16219675
22315722,15791003
22315722,15451224
22315722,10705937
22315722,9600990
22315722,9278044
22315722,9197268
22315722,3399080
21048992,20511551
21048992,19526281
21048992,19296921
21048992,18678243
21048992,18167537
21048992,18157654
21048992,17166628
21048992,16507759
21048992,15935098
21048992,15791003
21048992,9600990
21048992,9197268
21048992,3399080
18599350,17495632
18599350,16240369
18599350,15791003
18599350,3399080
17339843,15791003
17339843,15599609
17339843,12925360
17339843,10964613
17339843,9580157
17339843,3399080
17339843,1502878
26336525,20552060
26336525,19879594
26336525,19804548
26336525,19028709
26336525,18256123
26336525,17292982
26336525,15679994
20552060,19879594
20552060,19804548
20552060,19028709
20552060,18256123
20552060,17292982
20552060,15679994
30057745,18789909
29154141,28069311
29154141,27455348
29145629,25348409
29063562,26876718
29033893,25316019
28812536,27899610
28812536,26476454
28382000,25316019
28170441,21979788
28170441,1467557
28118852,23975817
28118852,19269371
28070747,22419278
27984541,26067594
27984541,21979788
27899610,25877637
27899610,25348409
27679561,24507191
25887539,19910308
25887539,17098774
25883770,24194598
25883770,23512712
25883770,23386971
25883770,23180794
25883770,22955990
25883770,21037262
25883770,19900953
25883770,16381825
25877637,24316577
25833344,9121555
25260700,19910308
23386971,21037262
23386971,16381825
23180794,16381825
22539670,19505943
22383036,19910308
22383036,19505943
22287627,20196867
22287627,19910308
21037262,16381825
20196867,19910308
